{
  "100User10SecRampUp15min" : {
    "transaction" : "100User10SecRampUp15min",
    "sampleCount" : 300,
    "errorCount" : 262,
    "errorPct" : 87.333336,
    "meanResTime" : 498.4333333333336,
    "minResTime" : 279.0,
    "maxResTime" : 10288.0,
    "pct1ResTime" : 602.9000000000001,
    "pct2ResTime" : 815.4999999999987,
    "pct3ResTime" : 4808.470000000012,
    "throughput" : 0.28375824554168505,
    "receivedKBytesPerSec" : 0.3487085866663892,
    "sentKBytesPerSec" : 2.5604747937550485
  },
  "Total" : {
    "transaction" : "Total",
    "sampleCount" : 300,
    "errorCount" : 262,
    "errorPct" : 87.333336,
    "meanResTime" : 498.4333333333336,
    "minResTime" : 279.0,
    "maxResTime" : 10288.0,
    "pct1ResTime" : 602.9000000000001,
    "pct2ResTime" : 815.4999999999987,
    "pct3ResTime" : 4808.470000000012,
    "throughput" : 0.28375824554168505,
    "receivedKBytesPerSec" : 0.3487085866663892,
    "sentKBytesPerSec" : 2.5604747937550485
  }
}